name,slope,intercept,r_value,p_value,std_err,r_squared,rf_r_squared,spearman,pearson
HeatingElectricity,0.9382973324425234,16581.744173213665,0.9728481998400955,0.0,0.001947497561105855,0.9464336199321144,0.9463505579544544,0.7331630111142375,0.972848199840096
DistrictHeatingHotWaterEnergy,0.917348201333134,39127.55853333877,0.9715350928260216,0.0,0.0019514985569482545,0.9438804365924663,0.9431346222802812,0.776336991514471,0.9715350928260217
ETSHeatingOutletTemperature,0.9990028775812485,0.02128717915894285,0.9996310476484168,0.0,0.00023682222166441968,0.9992622314226713,0.9992620952341462,0.9994892699889731,0.9996310476484168
