name,slope,intercept,r_value,p_value,std_err,r_squared,rf_r_squared,spearman,pearson
HeatingElectricity,0.9390678921836421,16325.489774743619,0.9751853862558112,0.0,0.0018599568551225638,0.9509865375668957,0.9508246867678759,"SpearmanrResult(correlation=0.740075295853897, pvalue=0.0)","(0.9751853862558112, 0.0)"
DistrictHeatingHotWaterEnergy,0.9144603495500654,43682.31006374257,0.9710587280915881,0.0,0.001962290690671429,0.9429550534028528,0.942092532534821,"SpearmanrResult(correlation=0.7575927434094794, pvalue=0.0)","(0.9710587280915879, 0.0)"
ETSHeatingOutletTemperature,0.9990202057046984,0.021212353073085666,0.9996491578547557,0.0,0.00023093769146797594,0.9992984387997224,0.9992982507576702,"SpearmanrResult(correlation=0.9994845592107293, pvalue=0.0)","(0.999649157854756, 0.0)"
