name,slope,intercept,r_value,p_value,std_err,r_squared,rf_r_squared,spearman,pearson
HeatingElectricity,0.8850793079576602,50712.06818938063,0.9528034574339767,0.0,0.002079338200840722,0.9078344284981398,0.9072164990643979,0.7452929290940162,0.9528034574339764
DistrictHeatingHotWaterEnergy,0.8824427525426647,137019.57802455942,0.9497419513160248,0.0,0.0021445402770687862,0.9020097740895704,0.9015380585166812,0.7409174567230589,0.9497419513160242
ETSHeatingOutletTemperature,0.9981700280409219,0.042519925173081674,0.9990796671021197,0.0,0.0003159758114681099,0.9981601812168823,0.9981601633791616,0.9992959241047857,0.99907966710212
