response,rmse,nmbe,cvrmse
HeatingElectricity,1209480.0690926618,69.16320209364027,453.3475256193987
DistrictHeatingHotWaterEnergy,3181029.0968505326,71.59996643029923,466.2376875355171
ETSHeatingOutletTemperature,1.3687480542843227,-1.6459018170760924,5.097919139578005
