name,slope,intercept,r_value,p_value,std_err,r_squared,rf_r_squared,spearman,pearson
HeatingElectricity,0.9743850586025085,5996.708501301677,0.9938677073921454,0.0,0.0002125362590218183,0.9877730197969191,0.9875908430454129,"SpearmanrResult(correlation=0.7900020745461442, pvalue=0.0)","(0.9938677073921457, 0.0)"
CoolingElectricity,0.9943260196188445,16632.856161716394,0.9981398968693446,0.0,0.00011906667834843531,0.9962832537223458,0.99627906190387,"SpearmanrResult(correlation=0.9375800072793932, pvalue=0.0)","(0.9981398968693449, 0.0)"
DistrictCoolingChilledWaterEnergy,0.9954938169919262,66282.17065784335,0.9985274027186241,0.0,0.00010603445820150161,0.9970569739800013,0.9970540887795728,"SpearmanrResult(correlation=0.9276712569495823, pvalue=0.0)","(0.9985274027186237, 0.0)"
DistrictHeatingHotWaterEnergy,0.9716039235866399,16351.14108483214,0.9931350962749196,0.0,0.00022435611732344435,0.9863173194529938,0.9860966943934726,"SpearmanrResult(correlation=0.7505878966854591, pvalue=0.0)","(0.9931350962749201, 0.0)"
ETSHeatingOutletTemperature,0.9988682247116213,0.026868198416959643,0.9995053509643018,0.0,6.161753701362542e-05,0.9990109466062722,0.9990109106621298,"SpearmanrResult(correlation=0.9995587856453705, pvalue=0.0)","(0.9995053509643004, 0.0)"
ETSCoolingOutletTemperature,0.9988443967642742,0.02749389836471039,0.9995085459353652,0.0,6.14166063708426e-05,0.9990173333978281,0.9990172837035396,"SpearmanrResult(correlation=0.9995636862747749, pvalue=0.0)","(0.9995085459353668, 0.0)"
