slope,p_value,std_err,intercept,name,spearman,pearson,r_squared,rf_r_squared,r_value
0.9732634455513876,0.0,0.00023362641740560603,6154.302337454021,HeatingElectricity,"SpearmanrResult(correlation=0.8623948104207747, pvalue=0.0)","(0.9925135362424211, 0.0)",0.9850831196244375,0.9849406330143705,0.992513536242422
0.9937588292582759,0.0,0.00012916344034158577,16269.775483402424,CoolingElectricity,"SpearmanrResult(correlation=0.9615492409559896, pvalue=0.0)","(0.9977875872787986, 0.0)",0.9955800693276481,0.9955766696772156,0.9977875872787996
0.9948843982567843,0.0,0.00011390324458541209,63899.66334136948,DistrictCoolingChilledWaterEnergy,"SpearmanrResult(correlation=0.9528247426774348, pvalue=0.0)","(0.9982820964656404, 0.0)",0.996567144123833,0.9965642192692343,0.9982820964656398
0.9718722386517267,0.0,0.00023815620062412536,15571.998463434109,DistrictHeatingHotWaterEnergy,"SpearmanrResult(correlation=0.8215193693160776, pvalue=0.0)","(0.9922018033288649, 0.0)",0.984464418529053,0.9843026162853521,0.9922018033288657
0.9988649697712443,0.0,6.407173705316651e-05,0.027142622800464977,ETSHeatingOutletTemperature,"SpearmanrResult(correlation=0.9995035540330737, pvalue=0.0)","(0.9994597939201948, 0.0)",0.9989198796629993,0.9989198523384051,0.9994597939201953
0.9987931821051051,0.0,6.457627118880629e-05,0.02915477820146961,ETSCoolingOutletTemperature,"SpearmanrResult(correlation=0.9995084639851354, pvalue=0.0)","(0.9994511809069931, 0.0)",0.9989026630163844,0.9989025978255411,0.9994511809069938
