name,slope,intercept,r_value,p_value,std_err,r_squared,rf_r_squared,spearman,pearson
HeatingElectricity,0.9743039463571463,6057.177351742081,0.9939405820809756,0.0,0.0002112404042287643,0.9879178807074686,0.9877294843213834,0.7861986328224407,0.9939405820809764
CoolingElectricity,0.9942881837925797,16575.745594481472,0.9981435349229103,0.0,0.00011894533249794645,0.996290516308403,0.9962861778554049,0.9373777759015626,0.9981435349229117
DistrictCoolingChilledWaterEnergy,0.9954383059246784,65791.98860977404,0.9985454034275956,0.0,0.0001053770928830017,0.9970929227063796,0.9970897999630407,0.9283281391035387,0.9985454034275955
DistrictHeatingHotWaterEnergy,0.9708427281185744,16134.18126433855,0.9931170076868708,0.0,0.0002244785734740115,0.9862813909569242,0.9860389940184192,0.7529357869300887,0.9931170076868712
ETSHeatingOutletTemperature,0.9988499572805425,0.027401654889093408,0.999508464476978,0.0,6.142204173958463e-05,0.9990171705611265,0.9990171204598172,0.9995629063816561,0.9995084644769777
ETSCoolingOutletTemperature,0.9988804412125551,0.02653279554758825,0.9995080548121399,0.0,6.144952638217378e-05,0.9990163516343477,0.9990163202902692,0.9995607257314773,0.9995080548121414
