slope,p_value,std_err,intercept,name,spearman,pearson,r_squared,rf_r_squared,r_value
0.9543163387029784,0.0,0.0003103004128183615,1240.2853152211974,HeatingElectricity,"SpearmanrResult(correlation=0.7243242286800937, pvalue=0.0)","(0.986390714714796, 0.0)",0.9729666420755652,0.972609118772514,0.9863907147147956
0.9943340156275318,0.0,0.00011574235307215011,21521.483035127167,CoolingElectricity,"SpearmanrResult(correlation=0.9820485662384025, pvalue=0.0)","(0.9982243631146274, 0.0)",0.996451879115605,0.9964473777982261,0.9982243631146281
0.9952208018018123,0.0,0.00010142483278636142,80707.22732181475,DistrictCoolingChilledWaterEnergy,"SpearmanrResult(correlation=0.979027499634104, pvalue=0.0)","(0.9986380729387573, 0.0)",0.9972780007228342,0.997273702440984,0.9986380729387571
0.9451138300622832,0.0,0.00036014754126047097,3383.2937033056223,DistrictHeatingHotWaterEnergy,"SpearmanrResult(correlation=0.7053844834715444, pvalue=0.0)","(0.9814490009520143, 0.0)",0.9632421414697043,0.9629007030897458,0.9814490009520129
0.9993965914816194,0.0,4.881928409685408e-05,0.014901751127009533,ETSHeatingOutletTemperature,"SpearmanrResult(correlation=0.9998150632756789, pvalue=0.0)","(0.9996866029183951, 0.0)",0.9993733040545204,0.9993733033466123,0.9996866029183948
0.9993508890344601,0.0,4.9447055369862865e-05,0.016018637292742,ETSCoolingOutletTemperature,"SpearmanrResult(correlation=0.9998107195150029, pvalue=0.0)","(0.9996784656163884, 0.0)",0.9993570346171371,0.999357034460388,0.9996784656163886
