slope,p_value,std_err,intercept,name,spearman,pearson,r_squared,rf_r_squared,r_value
0.9597097119908162,0.0,0.000419074260543456,4642.760259418268,HeatingElectricity,"SpearmanrResult(correlation=0.8789492771346014, pvalue=0.0)","(0.987703193737615, 0.0)",0.9755575989194837,0.9752982744342836,0.9877031937376145
0.996965164630159,0.0,0.00011717625613748885,19328.415799412876,CoolingElectricity,"SpearmanrResult(correlation=0.9763846974833305, pvalue=0.0)","(0.9990936680442183, 0.0)",0.9981881575260491,0.9981866574243563,0.9990936680442175
