name,slope,intercept,r_value,p_value,std_err,r_squared,rf_r_squared,spearman,pearson
HeatingTotal,0.9828991007653242,125685.5129565373,0.9958463450961696,0.0,0.0002479139606998662,0.9917099430413994,0.9916307792067048,0.8965513851235218,0.9958463450961689
CoolingElectricity,0.996218121004939,275726.33316317946,0.9988886834616804,0.0,0.00012967497117465857,0.9977786019478091,0.9977754811690026,0.986210892351035,0.9988886834616796
