name,slope,intercept,r_value,p_value,std_err,r_squared,rf_r_squared,spearman,pearson
HeatingTotal,0.982299911523673,124821.61296301242,0.9960173364510579,0.0,0.00024257821382722705,0.99205053451106,0.991954123665278,0.8983786180641167,0.996017336451057
CoolingElectricity,0.9962013572530712,269360.78223370016,0.9988913785421186,0.0,0.00012951519520978166,0.9977839861257741,0.997780960523316,0.9861770462069944,0.9988913785421183
