slope,p_value,name,r_value,std_err,intercept,r_squared
0.9984802916683982,0.0,HeatingElectricity,0.9992741610283989,7.425062767985381e-05,405.71961867803475,0.9985488488990106
0.9995608888307662,0.0,CoolingElectricity,0.9998007422291605,3.893012231072569e-05,320.4626719295047,0.9996015241619802
0.9996921883236372,0.0,DistrictCoolingChilledWaterEnergy,0.9998303408363267,3.592644098307102e-05,1074.668995485641,0.9996607104568852
0.9991641116575126,0.0,DistrictHeatingHotWaterEnergy,0.9996475357874491,5.176224914016496e-05,453.42519791657105,0.9992951958059194
0.9990894639995225,0.0,ETSHeatingOutletTemperature,0.9996294505623953,5.3070374225683385e-05,0.02047114408415851,0.9992590384316763
0.9990939638616503,0.0,ETSCoolingOutletTemperature,0.9996399985974145,5.2309393676177855e-05,0.02041581674480497,0.9992801267958388
