slope,p_value,name,r_value,std_err,intercept,r_squared
0.9968981820135641,0.0,HeatingElectricity,0.9987820091469842,0.00017539492506940345,1768.4676487908,0.9975655017956865
0.9962035317850997,0.0,CoolingElectricity,0.9982333430330683,0.00021117739181179148,7184.899383923272,0.9964698071429755
0.9977463060168619,0.0,DistrictCoolingChilledWaterEnergy,0.9990650447602488,0.00015376852120671677,15288.347290404141,0.998130963661798
0.9978987382299432,0.0,DistrictHeatingHotWaterEnergy,0.9984189247607745,0.00020009000981404136,6115.090779237798,0.9968403493204612
0.9996644135729057,0.0,ETSHeatingOutletTemperature,0.9998200317545662,6.755507768402753e-05,0.00781159704477119,0.9996400958977019
0.9996413553426217,0.0,ETSCoolingOutletTemperature,0.9998267996857401,6.62707936716681e-05,0.008410419893056797,0.9996536293698289
