slope,p_value,std_err,intercept,name,spearman,pearson,r_squared,rf_r_squared,r_value
0.9964751699668664,0.0,0.0002101592679039997,2131.945093776507,HeatingElectricity,"SpearmanrResult(correlation=0.9958120064860707, pvalue=0.0)","(0.9982512434386557, 0.0)",0.9965055450268251,0.9965053140540274,0.9982512434386571
0.9956090155129501,0.0,0.00021098905168066278,7370.644457131159,CoolingElectricity,"SpearmanrResult(correlation=0.9962812665301121, pvalue=0.0)","(0.9982343833352306, 0.0)",0.9964718840726666,0.9964709323432132,0.9982343833352298
0.9976073132852613,0.0,0.0001466148599766454,19528.26718520932,DistrictCoolingChilledWaterEnergy,"SpearmanrResult(correlation=0.9999588348157205, pvalue=0.0)","(0.9991496687928464, 0.0)",0.9983000606488522,0.998299499782102,0.9991496687928452
0.9991950581607654,0.0,0.00018224747130686115,5108.459305594675,DistrictHeatingHotWaterEnergy,"SpearmanrResult(correlation=0.9999593054310185, pvalue=0.0)","(0.9986911954120866, 0.0)",0.9973841037936206,0.9973795631720194,0.9986911954120856
0.9997722515852864,0.0,6.689727994520994e-05,0.004932464525335689,ETSHeatingOutletTemperature,"SpearmanrResult(correlation=0.9998187223835296, pvalue=0.0)","(0.9998235566032689, 0.0)",0.9996471443388085,0.9996471286591581,0.9998235566032682
0.9997788694352432,0.0,6.592965329535947e-05,0.004686617672827964,ETSCoolingOutletTemperature,"SpearmanrResult(correlation=0.9998246634330332, pvalue=0.0)","(0.9998286249370513, 0.0)",0.9996572792435163,0.9996572637857751,0.999828624937052
