slope,p_value,std_err,intercept,name,spearman,pearson,r_squared,rf_r_squared,r_value
0.997498956776183,0.0,0.00016254574253468846,1582.500917513622,HeatingElectricity,"SpearmanrResult(correlation=0.9954373537447968, pvalue=0.0)","(0.9989549172628541, 0.0)",0.9979109267236357,0.9979106244806624,0.9989549172628541
0.9954509427886724,0.0,0.0002083105601462985,7923.44749709242,CoolingElectricity,"SpearmanrResult(correlation=0.9955354537883346, pvalue=0.0)","(0.9982782673498418, 0.0)",0.9965594990630047,0.9965579620347358,0.998278267349843
0.9976908732698202,0.0,0.00015103422228403173,20241.696297715418,DistrictCoolingChilledWaterEnergy,"SpearmanrResult(correlation=0.9999563583564866, pvalue=0.0)","(0.9990978550407408, 0.0)",0.9981965239470082,0.9981961396651775,0.9990978550407403
0.9992517445073344,0.0,0.00019794871594105287,5502.97490661114,DistrictHeatingHotWaterEnergy,"SpearmanrResult(correlation=0.9999524980798717, pvalue=0.0)","(0.998456683982158, 0.0)",0.9969157497886465,0.9969087911867227,0.9984566839821578
0.9995578789889529,0.0,6.671182762943001e-05,0.010096798643601801,ETSHeatingOutletTemperature,"SpearmanrResult(correlation=0.9998220408346491, pvalue=0.0)","(0.9998244580091925, 0.0)",0.9996489468333765,0.9996489285044048,0.999824458009193
0.9996323740883982,0.0,6.611345450927529e-05,0.008201364309442738,ETSCoolingOutletTemperature,"SpearmanrResult(correlation=0.9998184114840218, pvalue=0.0)","(0.9998276178197276, 0.0)",0.9996552653550715,0.9996552629879657,0.9998276178197277
