slope,p_value,std_err,intercept,name,spearman,pearson,r_squared,rf_r_squared,r_value
0.997205586670209,0.0,0.00017365530929252013,1284.2460045824992,HeatingElectricity,"SpearmanrResult(correlation=0.995884143900591, pvalue=0.0)","(0.9988067417413107, 0.0)",0.9976149073478926,0.9976147284714555,0.9988067417413103
0.9962138503594506,0.0,0.00020443407791843538,7107.096219730098,CoolingElectricity,"SpearmanrResult(correlation=0.9958792499320919, pvalue=0.0)","(0.9983441260012148, 0.0)",0.9966909939211313,0.9966904200841494,0.9983441260012157
0.9973635715048426,0.0,0.00014522197337860177,16119.550460662693,DistrictCoolingChilledWaterEnergy,"SpearmanrResult(correlation=0.9999599046242532, pvalue=0.0)","(0.9991653214403211, 0.0)",0.998331339568939,0.99833039983621,0.9991653214403206
0.998373914358391,0.0,0.00019209512901308104,4529.418586158194,DistrictHeatingHotWaterEnergy,"SpearmanrResult(correlation=0.9999586643337532, pvalue=0.0)","(0.9985438622469253, 0.0)",0.9970898448310045,0.9970876153441225,0.9985438622469243
0.9997543971711981,0.0,7.08285818410998e-05,0.005098410544459142,ETSHeatingOutletTemperature,"SpearmanrResult(correlation=0.9997872307288954, pvalue=0.0)","(0.9998022086999797, 0.0)",0.999604456521358,0.9996044315975535,0.9998022086999798
0.9997345845367994,0.0,6.915231529285213e-05,0.005684252136298085,ETSCoolingOutletTemperature,"SpearmanrResult(correlation=0.9997984688163599, pvalue=0.0)","(0.9998114498952675, 0.0)",0.9996229353416772,0.9996229225820987,0.9998114498952676
