response,rmse,nmbe,cvrmse
HeatingElectricity,897613.2968002211,64.02887216313277,336.4509903604497
DistrictHeatingHotWaterEnergy,2364607.549597069,64.25582417758343,346.57625638969904
ETSHeatingOutletTemperature,3.2301832843865417,7.311762299523222,12.030857788820242
