response,rmse,nmbe,cvrmse
HeatingElectricity,1195714.6220685702,11.07178820899159,448.18784460696304
CoolingElectricity,3662286.250010922,17.095092578160866,194.8927579084625
DistrictCoolingChilledWaterEnergy,15979021.389442557,18.900311272053486,198.36308353273583
DistrictHeatingHotWaterEnergy,3145299.1291209282,11.813292057695582,461.0008107189979
ETSHeatingOutletTemperature,1.3269194960367297,-0.9670331585645987,4.942128154521334
ETSCoolingOutletTemperature,1.3269194960367297,-0.9670331585645987,4.942128154521334
