slope,p_value,std_err,intercept,name,spearman,pearson,r_squared,rf_r_squared,r_value
0.9504867013175939,0.0,0.00041990034874928885,4709.156494851879,HeatingElectricity,"SpearmanrResult(correlation=0.8809101513811037, pvalue=0.0)","(0.9874193554272557, 0.0)",0.9749969834723748,0.9743807386699105,0.9874193554272546
0.9969393066781023,0.0,0.00011640603085073478,18918.54869171325,CoolingElectricity,"SpearmanrResult(correlation=0.9760430265899682, pvalue=0.0)","(0.9991054816544616, 0.0)",0.9982117634719925,0.9982101413432459,0.999105481654461
