slope,p_value,std_err,intercept,name,spearman,pearson,r_squared,rf_r_squared,r_value
0.9655103224785482,0.0,0.0004196328283093663,4200.209463774387,HeatingElectricity,"SpearmanrResult(correlation=0.879619903604881, pvalue=0.0)","(0.9878160037181157, 0.0)",0.9757804572016289,0.9756701491954264,0.987816003718116
0.9966984899305658,0.0,0.0001149088472675151,19755.42859222088,CoolingElectricity,"SpearmanrResult(correlation=0.9765715377439083, pvalue=0.0)","(0.9991278931882601, 0.0)",0.9982565469468124,0.9982541106984296,0.9991278931882607
