response,rmse,nmbe,cvrmse
HeatingElectricity,139855.34232723847,-0.1749251680908864,52.421759571674286
CoolingElectricity,934397.8997588353,16.751456433934855,49.725054579589845
DistrictCoolingChilledWaterEnergy,1461902.6945393009,4.593234655929248,18.14801540382364
DistrictHeatingHotWaterEnergy,288856.17552343645,-1.1190137258923951,42.33712776778428
ETSHeatingOutletTemperature,1.2992266005971136,-1.365893402675923,4.8389856212771365
ETSCoolingOutletTemperature,1.298809767655469,-1.3887750660616733,4.8374331218054
