slope,p_value,name,r_value,std_err,intercept,r_squared
0.9971556578955142,0.0,HeatingElectricity,0.9991861910548372,0.0002483132923653596,731.4036231086357,0.9983730443946736
0.9963472232387247,0.0,CoolingElectricity,0.9982080089355589,0.00036844571905583713,7506.109878452262,0.9964192291030929
0.9993387983794783,0.0,ETSHeatingOutletTemperature,0.9996068839922209,0.00017290667883859679,0.014474738285908728,0.9992139225246373
0.9993453107565891,0.0,ETSCoolingOutletTemperature,0.9996128920021038,0.00017158066593779927,0.01394720535225602,0.9992259338568096
1.0001059569274453,0.0,DistrictCoolingChilledWaterEnergy,0.9994632739150581,0.00020221241845495646,12389.06814662274,0.9989268359050064
0.9947075100196894,0.0,DistrictHeatingHotWaterEnergy,0.9992793597589874,0.00023307734287187569,2508.2515968098305,0.9985592388403318
