slope,p_value,name,r_value,std_err,intercept,r_squared
0.9995573216962638,0.0,HeatingElectricity,0.9980942047555801,0.0003812219099185052,1694.9962909285096,0.9961920415666738
0.9916053331835049,0.0,CoolingElectricity,0.997923950292657,0.00039477109015787436,9580.241795768961,0.9958522105677013
0.9992833058153645,0.0,ETSHeatingOutletTemperature,0.9996740183849022,0.00015743524533050015,0.01708844877327209,0.9993481430338178
0.999253215315603,0.0,ETSCoolingOutletTemperature,0.9996680901380159,0.00015885626380537078,0.01760209639876109,0.9993362904401883
0.9963025662200774,0.0,DistrictCoolingChilledWaterEnergy,0.9994814397249379,0.0001980023790101756,14660.54874149058,0.9989631483546346
0.9971162565813483,0.0,DistrictHeatingHotWaterEnergy,0.9990836566596656,0.00026350212565715556,3480.6129310248652,0.9981681530044485
