slope,p_value,std_err,intercept,name,spearman,pearson,r_squared,rf_r_squared,r_value
0.2096003942492127,0.0,0.0011387738658334944,4912806.227687532,HeatingTotal,"SpearmanrResult(correlation=0.5208363761140472, pvalue=0.0)","(0.45274179004057097, 0.0)",0.2049751284491399,0.20482417789155682,0.45274179004057036
0.6705914149653152,0.0,0.0013054612325814204,19035812.77371607,CoolingElectricity,"SpearmanrResult(correlation=0.8269056915031919, pvalue=0.0)","(0.8170504027312013, 0.0)",0.6675713606032172,0.6675571547272902,0.8170504027312007
