name,slope,intercept,r_value,p_value,std_err,r_squared,rf_r_squared,spearman,pearson
HeatingElectricity,0.06692727504963451,194735.47687836835,0.2570905667117083,2.2327810330832658e-197,0.002194843671220041,0.06609555949214735,0.0660669905690392,0.3415086464432387,0.25709056671170827
DistrictHeatingHotWaterEnergy,0.06408184607271596,451975.7124267574,0.2516840812589452,5.603486422164151e-189,0.0021498318581367223,0.06334487675915933,0.0633246230126876,0.34330962113300634,0.2516840812589451
ETSHeatingOutletTemperature,0.9705079044200271,0.5923483331892179,0.9852003828233654,0.0,0.0014731171722486835,0.9706197943153058,0.9706170105236215,0.9748787457999991,0.985200382823366
