name,slope,intercept,r_value,p_value,std_err,r_squared,rf_r_squared,spearman,pearson
HeatingElectricity,0.07116799821231347,183983.71858783768,0.2661002674915029,0.0,0.0005054325948406749,0.0708093523590494,0.0708072910216857,0.34033634940782553,0.26610026749150334
CoolingElectricity,0.2931673248918386,1698769.844862492,0.5399349788384123,0.0,0.0008959964555742016,0.2915297813732368,0.29151775885907893,0.4656507790355801,0.5399349788384129
DistrictCoolingChilledWaterEnergy,0.3001456532837017,7826074.354376413,0.5464385201790695,0.0,0.000901875427993047,0.2985950563354913,0.2985841161350812,0.4560125149626108,0.5464385201790697
DistrictHeatingHotWaterEnergy,0.0700872027331714,441892.9696244753,0.2640435427020288,0.0,0.0005019282558600867,0.0697189924426381,0.0697168252804633,0.34153519312546543,0.26404354270202834
ETSHeatingOutletTemperature,0.9746714584338482,0.5906286695045679,0.9872589142394836,0.0,0.00030798461528513103,0.9746801637453241,0.9746799684005228,0.9906145085912756,0.9872589142394835
ETSCoolingOutletTemperature,0.9746714584338482,0.5906286695045679,0.9872589142394836,0.0,0.00030798461528513103,0.9746801637453241,0.9746799684005228,0.9906145085912756,0.9872589142394835
