slope,p_value,std_err,intercept,name,spearman,pearson,r_squared,rf_r_squared,r_value
0.07119313162330337,0.0,0.0005038096025716835,185095.72073898074,HeatingElectricity,"SpearmanrResult(correlation=0.33982752382277565, pvalue=0.0)","(0.2657405032927647, 0.0)",0.07061801509029178,0.07060767356497555,0.2657405032927645
0.29255049576256165,0.0,0.0008922114085958823,1695788.1610267116,CoolingElectricity,"SpearmanrResult(correlation=0.46572760036682154, pvalue=0.0)","(0.5388265809994949, 0.0)",0.29033408439160546,0.29031610518587914,0.5388265809994951
0.299499576851883,0.0,0.0008985386902739651,7805951.147938898,DistrictCoolingChilledWaterEnergy,"SpearmanrResult(correlation=0.4558899240981602, pvalue=0.0)","(0.5451074860746841, 0.0)",0.2971421713746604,0.2971224791502688,0.5451074860746827
0.07050792972411611,0.0,0.000502422928127342,445167.3000388816,DistrictHeatingHotWaterEnergy,"SpearmanrResult(correlation=0.3410942852494473, pvalue=0.0)","(0.2640373274618664, 0.0)",0.06971571029320493,0.06969924404103611,0.26403732746186653
0.9749145209410707,0.0,0.0003065679208216435,0.5828327905892792,ETSHeatingOutletTemperature,"SpearmanrResult(correlation=0.9904546400893162, pvalue=0.0)","(0.9872547800544718, 0.0)",0.9746720007404054,0.974671851710028,0.9872547800544728
0.9749145209410705,0.0,0.00030656792082164614,0.5828327905892827,ETSCoolingOutletTemperature,"SpearmanrResult(correlation=0.9904546400893162, pvalue=0.0)","(0.987254780054472, 0.0)",0.9746720007404049,0.974671851710028,0.9872547800544725
