slope,p_value,std_err,intercept,name,spearman,pearson,r_squared,rf_r_squared,r_value
0.03684014975093812,0.0,0.00037959928042007306,26559.440083729507,HeatingElectricity,"SpearmanrResult(correlation=0.18605466091728626, pvalue=0.0)","(0.18601099069641708, 0.0)",0.034600088659862624,0.03443428132210924,0.18601099069641724
0.3291368397466905,0.0,0.0009191584501396242,2554326.616022253,CoolingElectricity,"SpearmanrResult(correlation=0.5373849909636647, pvalue=0.0)","(0.5726444273382258, 0.0)",0.327921640161523,0.32791642021354994,0.5726444273382244
0.3298390365819569,0.0,0.0009200897945893792,12418339.470800508,DistrictCoolingChilledWaterEnergy,"SpearmanrResult(correlation=0.5302806136279615, pvalue=0.0)","(0.5730748730905261, 0.0)",0.32841481016772306,0.32840796038593323,0.5730748730905265
0.03284933427654755,0.0,0.00035996179748673193,56313.094089780156,DistrictHeatingHotWaterEnergy,"SpearmanrResult(correlation=0.19450362612807215, pvalue=0.0)","(0.1752607167306115, 0.0)",0.030716318828927714,0.030545986095839917,0.1752607167306117
0.9944421125857233,0.0,0.0001448178766661564,0.1366318157623141,ETSHeatingOutletTemperature,"SpearmanrResult(correlation=0.9984829343051075, pvalue=0.0)","(0.997224976292469, 0.0)",0.9944576533415158,0.9944576517454825,0.9972249762924692
0.9944421125857236,0.0,0.00014481787666615064,0.1366318157623141,ETSCoolingOutletTemperature,"SpearmanrResult(correlation=0.9984829343051075, pvalue=0.0)","(0.997224976292469, 0.0)",0.9944576533415163,0.9944576517454825,0.9972249762924694
